{
  "initial_capital": 1500,
  "final_capital": 1534.7833707830553,
  "total_profit": 34.78337078305527,
  "total_return_pct": 2.318891385537018,
  "total_trades": 176,
  "win_rate": 56.25,
  "profit_factor": null,
  "best_trade": {},
  "worst_trade": {}
}